货号(SKU),款式编码,商品名称,颜色,尺码,售价(¥),库存,图片链接
NS2614-L,NS2614,扭捏niunie 复古格子全羊毛格子外套七分袖短裤宽松衬衫上衣女,七分袖格子毛呢外套,L,799,6,"https://img.alicdn.com/bao/uploaded/i1/2217590670593/O1CN014SZXqr1GFdzaJafbf~crop,0,57,1440,1440~_!!2217590670593.jpg"
NS2614-M,NS2614,扭捏niunie 复古格子全羊毛格子外套七分袖短裤宽松衬衫上衣女,七分袖格子毛呢外套,M,799,1,"https://img.alicdn.com/bao/uploaded/i1/2217590670593/O1CN014SZXqr1GFdzaJafbf~crop,0,57,1440,1440~_!!2217590670593.jpg"
NS2614-S,NS2614,扭捏niunie 复古格子全羊毛格子外套七分袖短裤宽松衬衫上衣女,七分袖格子毛呢外套,S,799,0,"https://img.alicdn.com/bao/uploaded/i1/2217590670593/O1CN014SZXqr1GFdzaJafbf~crop,0,57,1440,1440~_!!2217590670593.jpg"
NS2613-M,NS2613,扭捏niunie 黄色小碎花两面穿半身裙女打褶中长款甜美A字伞裙夏季,黄色小碎花两面穿半身裙,M,439,4,"https://img.alicdn.com/bao/uploaded/i3/2217590670593/O1CN013VOeEz1GFdzbUPeAA~crop,0,240,1440,1440~_!!2217590670593.jpg"
NS2613-S,NS2613,扭捏niunie 黄色小碎花两面穿半身裙女打褶中长款甜美A字伞裙夏季,黄色小碎花两面穿半身裙,S,439,2,"https://img.alicdn.com/bao/uploaded/i3/2217590670593/O1CN013VOeEz1GFdzbUPeAA~crop,0,240,1440,1440~_!!2217590670593.jpg"
NS2611-M,NS2611+NS2612,扭捏niunie甜美清新花边口袋樱桃提花拼接圆领短袖衬衫花苞裤套装,樱桃提花有口袋衬衫,M,369,23,"https://img.alicdn.com/bao/uploaded/i2/2217590670593/O1CN01xgSwHZ1GFdzaMGyRv~crop,0,240,1440,1440~_!!2217590670593.jpg"
NS2612-M,NS2611+NS2612,扭捏niunie甜美清新花边口袋樱桃提花拼接圆领短袖衬衫花苞裤套装,樱桃花苞裤,M,329,2,"https://img.alicdn.com/bao/uploaded/i2/2217590670593/O1CN01CHDMQM1GFdzZvCfJO~crop,0,240,1440,1440~_!!2217590670593.jpg"
NS2611-S,NS2611+NS2612,扭捏niunie甜美清新花边口袋樱桃提花拼接圆领短袖衬衫花苞裤套装,樱桃提花有口袋衬衫,S,369,11,"https://img.alicdn.com/bao/uploaded/i2/2217590670593/O1CN01xgSwHZ1GFdzaMGyRv~crop,0,240,1440,1440~_!!2217590670593.jpg"
NS2612-S,NS2611+NS2612,扭捏niunie甜美清新花边口袋樱桃提花拼接圆领短袖衬衫花苞裤套装,樱桃花苞裤,S,329,0,"https://img.alicdn.com/bao/uploaded/i2/2217590670593/O1CN01CHDMQM1GFdzZvCfJO~crop,0,240,1440,1440~_!!2217590670593.jpg"
NS2610-M,NS2610,扭捏niunie  亚麻复古彩色格子荷叶边短裙抽褶拼接修身半身裙女,彩色亚麻格子短裙,M,529,10,"https://img.alicdn.com/bao/uploaded/i3/2217590670593/O1CN01o0MRbu1GFdza9nw57~crop,0,240,1440,1440~_!!2217590670593.jpg"
NS2610-S,NS2610,扭捏niunie  亚麻复古彩色格子荷叶边短裙抽褶拼接修身半身裙女,彩色亚麻格子短裙,S,529,10,"https://img.alicdn.com/bao/uploaded/i3/2217590670593/O1CN01o0MRbu1GFdza9nw57~crop,0,240,1440,1440~_!!2217590670593.jpg"
NS2609-M,NS2609,扭捏niunie 青苹果天使十字绣针织衫长袖圆领T恤甜美宽松上衣女,青苹果天使针织长袖t,M,199,22,"https://img.alicdn.com/bao/uploaded/i4/2217590670593/O1CN01oHujxO1GFdzZY3erp~crop,0,240,1440,1440~_!!2217590670593.jpg"
NS2609-S,NS2609,扭捏niunie 青苹果天使十字绣针织衫长袖圆领T恤甜美宽松上衣女,青苹果天使针织长袖t,S,199,28,"https://img.alicdn.com/bao/uploaded/i4/2217590670593/O1CN01oHujxO1GFdzZY3erp~crop,0,240,1440,1440~_!!2217590670593.jpg"
NS2607-M,NS2608,扭捏niunie 婴儿棉A类棉氨纶 娃娃领针织T恤短袖可爱俏皮减龄上衣,小提花针织灰色开衫,M,329,17,"https://img.alicdn.com/bao/uploaded/i1/2217590670593/O1CN01Zq2rL21GFdzYTEnrj~crop,0,240,1440,1440~_!!2217590670593.jpg"
NS2607-S,NS2608,扭捏niunie 婴儿棉A类棉氨纶 娃娃领针织T恤短袖可爱俏皮减龄上衣,小提花针织灰色开衫,S,329,13,"https://img.alicdn.com/bao/uploaded/i1/2217590670593/O1CN01Zq2rL21GFdzYTEnrj~crop,0,240,1440,1440~_!!2217590670593.jpg"
NS2607-魔法蓝-M,NS2607,扭捏niunie 蓝色树莓色格子气质显瘦包臀裙复古直筒中裙女春夏,魔法蓝格子包臀裙,M,419,13,"https://img.alicdn.com/bao/uploaded/i2/2217590670593/O1CN01WXGH4F1GFdzZfAj0W~crop,0,240,1440,1440~_!!2217590670593.jpg"
NS2607-树莓-M,NS2607,扭捏niunie 蓝色树莓色格子气质显瘦包臀裙复古直筒中裙女春夏,树莓格子包臀裙,M,419,3,"https://img.alicdn.com/bao/uploaded/i3/2217590670593/O1CN01L1894W1GFdzY9x5hR~crop,0,272,1440,1440~_!!2217590670593.jpg"
NS2607-魔法蓝-S,NS2607,扭捏niunie 蓝色树莓色格子气质显瘦包臀裙复古直筒中裙女春夏,魔法蓝格子包臀裙,S,419,12,"https://img.alicdn.com/bao/uploaded/i2/2217590670593/O1CN01WXGH4F1GFdzZfAj0W~crop,0,240,1440,1440~_!!2217590670593.jpg"
NS2607-树莓-S,NS2607,扭捏niunie 蓝色树莓色格子气质显瘦包臀裙复古直筒中裙女春夏,树莓格子包臀裙,S,419,8,"https://img.alicdn.com/bao/uploaded/i3/2217590670593/O1CN01L1894W1GFdzY9x5hR~crop,0,272,1440,1440~_!!2217590670593.jpg"
NS2606-M,NS2606,扭捏niunie 甜美蓝紫格纹松紧腰A字半身裙显瘦宽松撞色中长裙春夏,蓝紫格半身裙,M,309,19,"https://img.alicdn.com/bao/uploaded/i3/2217590670593/O1CN016nYahe1GFdzT5lPPd~crop,0,240,1440,1440~_!!2217590670593.jpg"
NS2606-S,NS2606,扭捏niunie 甜美蓝紫格纹松紧腰A字半身裙显瘦宽松撞色中长裙春夏,蓝紫格半身裙,S,309,17,"https://img.alicdn.com/bao/uploaded/i3/2217590670593/O1CN016nYahe1GFdzT5lPPd~crop,0,240,1440,1440~_!!2217590670593.jpg"
NS2605-M,NS2605,扭捏niunie 复古蓝色条纹圆领五分袖短袖T恤修身显瘦中袖百搭上衣,蓝色条纹中袖T恤,M,219,12,"https://img.alicdn.com/bao/uploaded/i4/2217590670593/O1CN01h73obi1GFdzY9wUH1~crop,0,240,1440,1440~_!!2217590670593.jpg"
NS2605-S,NS2605,扭捏niunie 复古蓝色条纹圆领五分袖短袖T恤修身显瘦中袖百搭上衣,蓝色条纹中袖T恤,S,219,20,"https://img.alicdn.com/bao/uploaded/i4/2217590670593/O1CN01h73obi1GFdzY9wUH1~crop,0,240,1440,1440~_!!2217590670593.jpg"
NS2603-M,NS2603+NS2604,扭捏niunie 复古重工提花拼接毛边蘑菇半身裙中长款宽松A字伞裙女,黑白格蘑菇半身裙,M,529,23,https://img.alicdn.com/bao/uploaded/i3/2217590670593/O1CN017tTbD11GFdza9VsTd_!!2217590670593.jpg
NS2604-M,NS2603+NS2604,扭捏niunie 复古重工提花拼接毛边蘑菇半身裙中长款宽松A字伞裙女,粉色纯棉半身裙,M,439,0,https://img.alicdn.com/bao/uploaded/i1/2217590670593/O1CN01UbZdB11GFdzY9yIY0_!!2217590670593.jpg
NS2603-S,NS2603+NS2604,扭捏niunie 复古重工提花拼接毛边蘑菇半身裙中长款宽松A字伞裙女,黑白格蘑菇半身裙,S,529,23,https://img.alicdn.com/bao/uploaded/i3/2217590670593/O1CN017tTbD11GFdza9VsTd_!!2217590670593.jpg
NS2604-S,NS2603+NS2604,扭捏niunie 复古重工提花拼接毛边蘑菇半身裙中长款宽松A字伞裙女,粉色纯棉半身裙,S,439,0,https://img.alicdn.com/bao/uploaded/i1/2217590670593/O1CN01UbZdB11GFdzY9yIY0_!!2217590670593.jpg
NS2601-M,NS2601+NS2602,扭捏niunie 原创复古手缝扣树莓色圆领短袖T恤条纹撞色打底上衣,树莓色手缝扣T恤,M,269,14,"https://img.alicdn.com/bao/uploaded/i3/2217590670593/O1CN01FYMQjf1GFdzaHLzdh~crop,0,240,1440,1440~_!!2217590670593.jpg"
NS2602-M,NS2601+NS2602,扭捏niunie 原创复古手缝扣树莓色圆领短袖T恤条纹撞色打底上衣,红蓝条纹长袖T恤,M,219,0,"https://img.alicdn.com/bao/uploaded/i2/2217590670593/O1CN01DvvU2M1GFdza9VsSV~crop,0,240,1440,1440~_!!2217590670593.jpg"
NS2601-S,NS2601+NS2602,扭捏niunie 原创复古手缝扣树莓色圆领短袖T恤条纹撞色打底上衣,树莓色手缝扣T恤,S,269,24,"https://img.alicdn.com/bao/uploaded/i3/2217590670593/O1CN01FYMQjf1GFdzaHLzdh~crop,0,240,1440,1440~_!!2217590670593.jpg"
NS2602-S,NS2601+NS2602,扭捏niunie 原创复古手缝扣树莓色圆领短袖T恤条纹撞色打底上衣,红蓝条纹长袖T恤,S,219,0,"https://img.alicdn.com/bao/uploaded/i2/2217590670593/O1CN01DvvU2M1GFdza9VsSV~crop,0,240,1440,1440~_!!2217590670593.jpg"
TNW-1015-L,TNW-1038+1015,扭捏niunie英国陶瓷扣碎花拼接设计100%羊毛呢外套半裙套装女秋冬,灰彩色全羊毛半裙,L,459,2,https://img.alicdn.com/bao/uploaded/i2/2217590670593/O1CN01HkMjGd1GFdxr0siAz_!!2217590670593.jpg
TNW-1038-L,TNW-1038+1015,扭捏niunie英国陶瓷扣碎花拼接设计100%羊毛呢外套半裙套装女秋冬,灰彩色全羊毛外套,L,799,7,https://img.alicdn.com/bao/uploaded/i3/2217590670593/O1CN015vimVE1GFdxqYS9dc_!!2217590670593.jpg
TNW-1066-棕格L,TNW-1066,扭捏niunie 复古磨毛加厚双色格子百褶半裙女秋冬拉链中腰短裙,棕色大格子毛呢短裙,L,319,6,https://img.alicdn.com/bao/uploaded/i4/2217590670593/O1CN01vkJdAW1GFdxnu1spI_!!2217590670593.jpg
TNW-1066-棕格M,TNW-1066,扭捏niunie 复古磨毛加厚双色格子百褶半裙女秋冬拉链中腰短裙,棕色大格子毛呢短裙,M,319,5,https://img.alicdn.com/bao/uploaded/i4/2217590670593/O1CN01vkJdAW1GFdxnu1spI_!!2217590670593.jpg
TNW-1066-棕格S,TNW-1066,扭捏niunie 复古磨毛加厚双色格子百褶半裙女秋冬拉链中腰短裙,棕色大格子毛呢短裙,S,319,4,https://img.alicdn.com/bao/uploaded/i4/2217590670593/O1CN01vkJdAW1GFdxnu1spI_!!2217590670593.jpg
TNW-1066-灰格L,TNW-1066,扭捏niunie 复古磨毛加厚双色格子百褶半裙女秋冬拉链中腰短裙,灰咖格毛呢短裙,L,319,1,https://img.alicdn.com/bao/uploaded/i2/2217590670593/O1CN0156NeXW1GFdxtsQrA6_!!2217590670593.jpg
TNW-1066-灰格M,TNW-1066,扭捏niunie 复古磨毛加厚双色格子百褶半裙女秋冬拉链中腰短裙,灰咖格毛呢短裙,M,319,1,https://img.alicdn.com/bao/uploaded/i2/2217590670593/O1CN0156NeXW1GFdxtsQrA6_!!2217590670593.jpg
TNW-1066-灰格S,TNW-1066,扭捏niunie 复古磨毛加厚双色格子百褶半裙女秋冬拉链中腰短裙,灰咖格毛呢短裙,S,319,0,https://img.alicdn.com/bao/uploaded/i2/2217590670593/O1CN0156NeXW1GFdxtsQrA6_!!2217590670593.jpg
TNW-1026-灰紫M,988287960500,扭捏niunie 原创灯芯绒拼接风衣90白鹅绒服宽松双色羽绒服女冬季,灰紫色90白鹅绒服,M,1599,15,https://img.alicdn.com/bao/uploaded/i2/2217590670593/O1CN01X0OYkB1GFdxtQI9X2_!!2217590670593.jpg
TNW-1026-灰紫S,988287960500,扭捏niunie 原创灯芯绒拼接风衣90白鹅绒服宽松双色羽绒服女冬季,灰紫色90白鹅绒服,S,1599,18,https://img.alicdn.com/bao/uploaded/i2/2217590670593/O1CN01X0OYkB1GFdxtQI9X2_!!2217590670593.jpg
TNW-1022-蓝M,TNW-1022,扭捏niunie 原创碎花蓝色紫色双面穿 90白鹅绒羽绒服女面包服冬季,淡紫色碎花鹅绒服,M,1699,0,https://img.alicdn.com/bao/uploaded/i2/2217590670593/O1CN01LEwkCd1GFdxuLUYPe_!!2217590670593.jpg
TNW-1022-蓝S,TNW-1022,扭捏niunie 原创碎花蓝色紫色双面穿 90白鹅绒羽绒服女面包服冬季,淡紫色碎花鹅绒服,S,1699,0,https://img.alicdn.com/bao/uploaded/i2/2217590670593/O1CN01LEwkCd1GFdxuLUYPe_!!2217590670593.jpg
TNW-1022-紫M,TNW-1022,扭捏niunie 原创碎花蓝色紫色双面穿 90白鹅绒羽绒服女面包服冬季,浅蓝色碎花鹅绒服,M,1699,0,https://img.alicdn.com/bao/uploaded/i4/2217590670593/O1CN01UQDPoQ1GFdyf8q7gg_!!2217590670593.jpg
TNW-1022-紫S,TNW-1022,扭捏niunie 原创碎花蓝色紫色双面穿 90白鹅绒羽绒服女面包服冬季,浅蓝色碎花鹅绒服,S,1699,0,https://img.alicdn.com/bao/uploaded/i4/2217590670593/O1CN01UQDPoQ1GFdyf8q7gg_!!2217590670593.jpg
TNW-1026-栗M,TNW-1026,扭捏niunie原创设计可拆卸豹纹领栗子色90白鹅绒保暖羽绒服女冬季,栗子色90白鹅绒服,M,1599,20,https://img.alicdn.com/bao/uploaded/i3/2217590670593/O1CN01724Z3D1GFdxodGxy2_!!2217590670593.jpg
TNW-1026-栗S,TNW-1026,扭捏niunie原创设计可拆卸豹纹领栗子色90白鹅绒保暖羽绒服女冬季,栗子色90白鹅绒服,S,1599,19,https://img.alicdn.com/bao/uploaded/i3/2217590670593/O1CN01724Z3D1GFdxodGxy2_!!2217590670593.jpg
TNW-1015-M,TNW-1038+1015,扭捏niunie英国陶瓷扣碎花拼接设计100%羊毛呢外套半裙套装女秋冬,灰彩色全羊毛半裙,M,459,6,https://img.alicdn.com/bao/uploaded/i2/2217590670593/O1CN01HkMjGd1GFdxr0siAz_!!2217590670593.jpg
TNW-1038-M,TNW-1038+1015,扭捏niunie英国陶瓷扣碎花拼接设计100%羊毛呢外套半裙套装女秋冬,灰彩色全羊毛外套,M,799,5,https://img.alicdn.com/bao/uploaded/i3/2217590670593/O1CN015vimVE1GFdxqYS9dc_!!2217590670593.jpg
TNW-1015-S,TNW-1038+1015,扭捏niunie英国陶瓷扣碎花拼接设计100%羊毛呢外套半裙套装女秋冬,灰彩色全羊毛半裙,S,459,1,https://img.alicdn.com/bao/uploaded/i2/2217590670593/O1CN01HkMjGd1GFdxr0siAz_!!2217590670593.jpg
TNW-1038-S,TNW-1038+1015,扭捏niunie英国陶瓷扣碎花拼接设计100%羊毛呢外套半裙套装女秋冬,灰彩色全羊毛外套,S,799,13,https://img.alicdn.com/bao/uploaded/i3/2217590670593/O1CN015vimVE1GFdxqYS9dc_!!2217590670593.jpg
TNW-1065-灰M,TNW-1065,扭捏niunie 复古豹纹领拼接双色打底上衣修身显瘦保暖长袖T恤秋冬,灰色豹纹拼接上衣,M,319,0,https://img.alicdn.com/bao/uploaded/i4/2217590670593/O1CN01wJcGZl1GFdsW6QPHZ_!!2217590670593.jpg
TNW-1065-灰S,TNW-1065,扭捏niunie 复古豹纹领拼接双色打底上衣修身显瘦保暖长袖T恤秋冬,灰色豹纹拼接上衣,S,319,0,https://img.alicdn.com/bao/uploaded/i4/2217590670593/O1CN01wJcGZl1GFdsW6QPHZ_!!2217590670593.jpg
TNW-1065-棕M,TNW-1065,扭捏niunie 复古豹纹领拼接双色打底上衣修身显瘦保暖长袖T恤秋冬,棕色豹纹拼接上衣,M,319,0,https://img.alicdn.com/bao/uploaded/i4/2217590670593/O1CN01NruOcS1GFdxuGZa9y_!!2217590670593.jpg
TNW-1065-棕S,TNW-1065,扭捏niunie 复古豹纹领拼接双色打底上衣修身显瘦保暖长袖T恤秋冬,棕色豹纹拼接上衣,S,319,0,https://img.alicdn.com/bao/uploaded/i4/2217590670593/O1CN01NruOcS1GFdxuGZa9y_!!2217590670593.jpg
TNW-0902-M,TNW-0928-0902,扭捏niunie 100%全羊毛棕色毛呢外套碎花拼接双层半裙套装女秋冬,碎花拼接毛呢短裙,M,459,1,https://img.alicdn.com/bao/uploaded/i3/2217590670593/O1CN01XhsTNh1GFdxo6hI1k_!!2217590670593.jpg
TNW-0928-M,TNW-0928-0902,扭捏niunie 100%全羊毛棕色毛呢外套碎花拼接双层半裙套装女秋冬,棕色全羊毛外套,M,769,1,https://img.alicdn.com/bao/uploaded/i3/2217590670593/O1CN01i4vC8Q1GFdxpQ8ynz_!!2217590670593.jpg
TNW-0902-S,TNW-0928-0902,扭捏niunie 100%全羊毛棕色毛呢外套碎花拼接双层半裙套装女秋冬,碎花拼接毛呢短裙,S,459,1,https://img.alicdn.com/bao/uploaded/i3/2217590670593/O1CN01XhsTNh1GFdxo6hI1k_!!2217590670593.jpg
TNW-0928-S,TNW-0928-0902,扭捏niunie 100%全羊毛棕色毛呢外套碎花拼接双层半裙套装女秋冬,棕色全羊毛外套,S,769,1,https://img.alicdn.com/bao/uploaded/i3/2217590670593/O1CN01i4vC8Q1GFdxpQ8ynz_!!2217590670593.jpg
TNW-0907-M,TNW-0907,扭捏niunie原创紫色碎花双面穿毛巾布连帽拉链卫衣女宽松开衫外套,紫色碎花双面穿卫衣,M,549,0,https://img.alicdn.com/bao/uploaded/i2/2217590670593/O1CN01BCWHxV1GFdxpKku1t_!!2217590670593.jpg
TNW-0907-S,TNW-0907,扭捏niunie原创紫色碎花双面穿毛巾布连帽拉链卫衣女宽松开衫外套,紫色碎花双面穿卫衣,S,549,0,https://img.alicdn.com/bao/uploaded/i2/2217590670593/O1CN01BCWHxV1GFdxpKku1t_!!2217590670593.jpg
TNW-1025-M,TNW-1025,扭捏niunie原创设计 复古条纹直筒休闲裤宽松显瘦阔腿裤长裤女,条纹休闲裤,M,369,7,https://img.alicdn.com/bao/uploaded/i3/2217590670593/O1CN01GHGMes1GFdyL84IxU_!!2217590670593.jpg
TNW-1025-S,TNW-1025,扭捏niunie原创设计 复古条纹直筒休闲裤宽松显瘦阔腿裤长裤女,条纹休闲裤,S,369,7,https://img.alicdn.com/bao/uploaded/i3/2217590670593/O1CN01GHGMes1GFdyL84IxU_!!2217590670593.jpg
NN-2523-M,NN-2523,扭捏niunie原创设计丝绒格子碎花拼接半身裙宽松中腰A字中长裙,紫色丝绒拼接半裙,M,399,19,https://img.alicdn.com/bao/uploaded/i3/2217590670593/O1CN01Womm751GFdyKz1kKk_!!2217590670593.jpg
NN-2523-S,NN-2523,扭捏niunie原创设计丝绒格子碎花拼接半身裙宽松中腰A字中长裙,紫色丝绒拼接半裙,S,399,17,https://img.alicdn.com/bao/uploaded/i3/2217590670593/O1CN01Womm751GFdyKz1kKk_!!2217590670593.jpg
NN2551-棕M,NN2551-棕,扭捏niunie原创设计{爱读书的小猫}浅棕色圆领套头百搭针织毛衣女,浅棕色小猫毛衣,M,369,13,https://img.alicdn.com/bao/uploaded/i2/2217590670593/O1CN01SEVO7y1GFdxQhadvN_!!2217590670593.jpg
NN2551-棕S,NN2551-棕,扭捏niunie原创设计{爱读书的小猫}浅棕色圆领套头百搭针织毛衣女,浅棕色小猫毛衣,S,369,6,https://img.alicdn.com/bao/uploaded/i2/2217590670593/O1CN01SEVO7y1GFdxQhadvN_!!2217590670593.jpg
TN-1067-绿M,TN-1067,扭捏niunie原创设计复古叠穿苔藓绿羊羔毛马甲背心休闲百搭上衣女,苔藓绿羊羔毛马甲,M,469,8,https://img.alicdn.com/bao/uploaded/i3/2217590670593/O1CN01Y2FkAx1GFdyLoBGdT_!!2217590670593.jpg
TN-1067-绿S,TN-1067,扭捏niunie原创设计复古叠穿苔藓绿羊羔毛马甲背心休闲百搭上衣女,苔藓绿羊羔毛马甲,S,469,9,https://img.alicdn.com/bao/uploaded/i3/2217590670593/O1CN01Y2FkAx1GFdyLoBGdT_!!2217590670593.jpg
NN2551-蓝M,NN2551-蓝,扭捏niunie原创设计{爱读书的小猫}蓝色圆领套头百搭针织毛衣女,蓝色小猫毛衣,M,369,10,https://img.alicdn.com/bao/uploaded/i4/2217590670593/O1CN01iGs4Ko1GFdxS4uOcR_!!2217590670593.jpg
NN2551-蓝S,NN2551-蓝,扭捏niunie原创设计{爱读书的小猫}蓝色圆领套头百搭针织毛衣女,蓝色小猫毛衣,S,369,11,https://img.alicdn.com/bao/uploaded/i4/2217590670593/O1CN01iGs4Ko1GFdxS4uOcR_!!2217590670593.jpg
TN-1067-紫M,TN-1067,扭捏niunie原创设计复古叠搭彩色格子紫色羊羔毛马甲休闲百搭上衣,紫色羊羔毛马甲,M,469,21,https://img.alicdn.com/bao/uploaded/i4/2217590670593/O1CN01rjhVF31GFdyKzBcj6_!!2217590670593.jpg
TN-1067-紫S,TN-1067,扭捏niunie原创设计复古叠搭彩色格子紫色羊羔毛马甲休闲百搭上衣,紫色羊羔毛马甲,S,469,26,https://img.alicdn.com/bao/uploaded/i4/2217590670593/O1CN01rjhVF31GFdyKzBcj6_!!2217590670593.jpg
NN2534-L,NN2534,扭捏niunie 文艺复古棕色系格子大口袋半身裙中腰显瘦全棉中长裙,棕色系拼色格子半裙,L,369,3,https://img.alicdn.com/bao/uploaded/i3/2217590670593/O1CN012vmpOo1GFdwwmyweb_!!2217590670593.jpg
NN2533-L,NN2533,【秋天的童话】原创巴恩风剪花小格子重工半身裙复古中长裙女秋款,彩色剪花小格子半身裙,L,429,15,https://img.alicdn.com/bao/uploaded/i4/2217590670593/O1CN01g52yMQ1GFdx0brzbm_!!2217590670593.jpg
,NN2530,扭捏niunie 小浣熊松鼠趣味提花蓝色长袖衬衫宽松全棉纽扣上衣女,定制面料 需要等待,M,339,4,https://img.alicdn.com/bao/uploaded/i3/2217590670593/O1CN01RZwv0i1GFdxBBivtA_!!2217590670593.jpg
,NN2530,扭捏niunie 小浣熊松鼠趣味提花蓝色长袖衬衫宽松全棉纽扣上衣女,定制面料 需要等待,S,339,8,https://img.alicdn.com/bao/uploaded/i3/2217590670593/O1CN01RZwv0i1GFdxBBivtA_!!2217590670593.jpg
,NN2536,扭捏niunie 多巴胺提花蓝色慵懒风休闲长裤宽松显瘦百搭直筒裤女,定制面料 需要等待,M,319,1,https://img.alicdn.com/bao/uploaded/i3/2217590670593/O1CN01RZwv0i1GFdxBBivtA_!!2217590670593.jpg
,NN2536,扭捏niunie 多巴胺提花蓝色慵懒风休闲长裤宽松显瘦百搭直筒裤女,定制面料 需要等待,S,319,0,https://img.alicdn.com/bao/uploaded/i3/2217590670593/O1CN01RZwv0i1GFdxBBivtA_!!2217590670593.jpg
TNW-0702-褐L,TNW-0702,扭捏niunie 乐谱印花复古长袖T恤进口美利奴羊毛天丝修身内搭上衣,茶褐色天丝羊毛长袖t,L,299,2,https://img.alicdn.com/bao/uploaded/i4/2217590670593/O1CN01yjUReo1GFdx1hYVgl_!!2217590670593.jpg
TNW-0702-绿L,TNW-0702,扭捏niunie 乐谱印花复古长袖T恤进口美利奴羊毛天丝修身内搭上衣,草绿色天丝羊毛长袖t,L,299,5,https://img.alicdn.com/bao/uploaded/i1/2217590670593/O1CN019qHJlo1GFdx12brW4_!!2217590670593.jpg
TNW-0702-褐M,TNW-0702,扭捏niunie 乐谱印花复古长袖T恤进口美利奴羊毛天丝修身内搭上衣,茶褐色天丝羊毛长袖t,M,299,3,https://img.alicdn.com/bao/uploaded/i4/2217590670593/O1CN01yjUReo1GFdx1hYVgl_!!2217590670593.jpg
TNW-0702-绿M,TNW-0702,扭捏niunie 乐谱印花复古长袖T恤进口美利奴羊毛天丝修身内搭上衣,草绿色天丝羊毛长袖t,M,299,7,https://img.alicdn.com/bao/uploaded/i1/2217590670593/O1CN019qHJlo1GFdx12brW4_!!2217590670593.jpg
TNW-0702-褐S,TNW-0702,扭捏niunie 乐谱印花复古长袖T恤进口美利奴羊毛天丝修身内搭上衣,茶褐色天丝羊毛长袖t,S,299,3,https://img.alicdn.com/bao/uploaded/i4/2217590670593/O1CN01yjUReo1GFdx1hYVgl_!!2217590670593.jpg
TNW-0702-绿S,TNW-0702,扭捏niunie 乐谱印花复古长袖T恤进口美利奴羊毛天丝修身内搭上衣,草绿色天丝羊毛长袖t,S,299,10,https://img.alicdn.com/bao/uploaded/i1/2217590670593/O1CN019qHJlo1GFdx12brW4_!!2217590670593.jpg
TNW-0915-M,TNW-0802,扭捏niunie法式复古撞色拼接衬衫澳洲进口美利奴羊毛缩绒工艺上衣,浅绿色花苞裙,M,499,3,https://img.alicdn.com/bao/uploaded/i1/2217590670593/O1CN01wihPxS1GFdwvCQXKy_!!2217590670593.jpg
TNW-0915-S,TNW-0802,扭捏niunie法式复古撞色拼接衬衫澳洲进口美利奴羊毛缩绒工艺上衣,浅绿色花苞裙,S,499,3,https://img.alicdn.com/bao/uploaded/i1/2217590670593/O1CN01wihPxS1GFdwvCQXKy_!!2217590670593.jpg
TNW-1010-M,TNW-1010,扭捏niunie 复古vintage格子碎花拼接半身裙修身显瘦田园风中长裙,格子碎花拼接半裙,M,439,4,https://img.alicdn.com/bao/uploaded/i4/2217590670593/O1CN01eVMZOI1GFdsWomFSu_!!2217590670593.jpg
TNW-1010-S,TNW-1010,扭捏niunie 复古vintage格子碎花拼接半身裙修身显瘦田园风中长裙,格子碎花拼接半裙,S,439,6,https://img.alicdn.com/bao/uploaded/i4/2217590670593/O1CN01eVMZOI1GFdsWomFSu_!!2217590670593.jpg
TNW-0918-M,TNW-0918,【我只想睡觉】原创印花圆领毛巾卫衣复古宽松上衣 扭捏niunie,撞色圆领卫衣,M,299,7,https://img.alicdn.com/bao/uploaded/i2/2217590670593/O1CN01uKNQeD1GFdwzZUDc8_!!2217590670593.jpg
TNW-0918-S,TNW-0918,【我只想睡觉】原创印花圆领毛巾卫衣复古宽松上衣 扭捏niunie,撞色圆领卫衣,S,299,11,https://img.alicdn.com/bao/uploaded/i2/2217590670593/O1CN01uKNQeD1GFdwzZUDc8_!!2217590670593.jpg
NN2536-M,NN2536,扭捏niunie 多巴胺提花蓝色慵懒风休闲长裤宽松显瘦百搭直筒裤女,蓝色提花宽松长裤,M,319,2,https://img.alicdn.com/bao/uploaded/i3/2217590670593/O1CN01RQaGbH1GFdwvGSLnf_!!2217590670593.jpg
NN2536-S,NN2536,扭捏niunie 多巴胺提花蓝色慵懒风休闲长裤宽松显瘦百搭直筒裤女,蓝色提花宽松长裤,S,319,0,https://img.alicdn.com/bao/uploaded/i3/2217590670593/O1CN01RQaGbH1GFdwvGSLnf_!!2217590670593.jpg
NN2535-M,NN2535,扭捏niunie复古双层荷叶边绿色皱褶设计长袖衬衫收腰显瘦系带上衣,双层荷叶边绿色衬衫,M,339,10,https://img.alicdn.com/bao/uploaded/i1/2217590670593/O1CN01qbhRsy1GFdx02nM70_!!2217590670593.jpg
NN2535-S,NN2535,扭捏niunie复古双层荷叶边绿色皱褶设计长袖衬衫收腰显瘦系带上衣,双层荷叶边绿色衬衫,S,339,2,https://img.alicdn.com/bao/uploaded/i1/2217590670593/O1CN01qbhRsy1GFdx02nM70_!!2217590670593.jpg
NN2534-M,NN2534,扭捏niunie 文艺复古棕色系格子大口袋半身裙中腰显瘦全棉中长裙,棕色系拼色格子半裙,M,369,1,https://img.alicdn.com/bao/uploaded/i3/2217590670593/O1CN012vmpOo1GFdwwmyweb_!!2217590670593.jpg
NN2534-S,NN2534,扭捏niunie 文艺复古棕色系格子大口袋半身裙中腰显瘦全棉中长裙,棕色系拼色格子半裙,S,369,8,https://img.alicdn.com/bao/uploaded/i3/2217590670593/O1CN012vmpOo1GFdwwmyweb_!!2217590670593.jpg
NN2533-M,NN2533,【秋天的童话】原创巴恩风剪花小格子重工半身裙复古中长裙女秋款,彩色剪花小格子半身裙,M,429,25,https://img.alicdn.com/bao/uploaded/i4/2217590670593/O1CN01g52yMQ1GFdx0brzbm_!!2217590670593.jpg
NN2533-S,NN2533,【秋天的童话】原创巴恩风剪花小格子重工半身裙复古中长裙女秋款,彩色剪花小格子半身裙,S,429,23,https://img.alicdn.com/bao/uploaded/i4/2217590670593/O1CN01g52yMQ1GFdx0brzbm_!!2217590670593.jpg
TNW-0802-M,TNW-0802,扭捏niunie法式复古撞色拼接衬衫澳洲进口美利奴羊毛缩绒工艺上衣,进口羊毛缩绒衬衫,M,529,3,https://img.alicdn.com/bao/uploaded/i1/2217590670593/O1CN01wihPxS1GFdwvCQXKy_!!2217590670593.jpg
TNW-0802-S,TNW-0802,扭捏niunie法式复古撞色拼接衬衫澳洲进口美利奴羊毛缩绒工艺上衣,进口羊毛缩绒衬衫,S,529,7,https://img.alicdn.com/bao/uploaded/i1/2217590670593/O1CN01wihPxS1GFdwvCQXKy_!!2217590670593.jpg
NN2530-M,NN2530,扭捏niunie 小浣熊松鼠趣味提花蓝色长袖衬衫宽松全棉纽扣上衣女,小浣熊提花蓝色衬衫,M,339,2,https://img.alicdn.com/bao/uploaded/i3/2217590670593/O1CN01pppdkt1GFdww67oSS_!!2217590670593.jpg
NN2530-S,NN2530,扭捏niunie 小浣熊松鼠趣味提花蓝色长袖衬衫宽松全棉纽扣上衣女,小浣熊提花蓝色衬衫,S,339,7,https://img.alicdn.com/bao/uploaded/i3/2217590670593/O1CN01pppdkt1GFdww67oSS_!!2217590670593.jpg
NN2538-M,NN2537-2538,扭捏niunie 复古休闲翻领牛仔外套格子拼接A字半裙全棉高级感套装,牛仔拼接格子半裙,M,399,37,https://img.alicdn.com/bao/uploaded/i2/2217590670593/O1CN01qfv5mh1GFdwwcgMbc_!!2217590670593.jpg
NN2538-S,NN2537-2538,扭捏niunie 复古休闲翻领牛仔外套格子拼接A字半裙全棉高级感套装,牛仔拼接格子半裙,S,399,48,https://img.alicdn.com/bao/uploaded/i2/2217590670593/O1CN01qfv5mh1GFdwwcgMbc_!!2217590670593.jpg
NN2537-M,NN2537-2538,扭捏niunie 复古休闲翻领牛仔外套格子拼接A字半裙全棉高级感套装,牛仔外套,M,369,0,https://img.alicdn.com/bao/uploaded/i1/2217590670593/O1CN01BnonAW1GFdwvincOo_!!2217590670593.jpg
NN2537-S,NN2537-2538,扭捏niunie 复古休闲翻领牛仔外套格子拼接A字半裙全棉高级感套装,牛仔外套,S,369,0,https://img.alicdn.com/bao/uploaded/i1/2217590670593/O1CN01BnonAW1GFdwvincOo_!!2217590670593.jpg
,NN-2515,扭捏niunie 复古vintage宽松慵懒感上衣 果实扣100%苎麻衬衫夏季,黄色,L,398,11,https://img.alicdn.com/bao/uploaded/i4/2217590670593/O1CN01Z5hiwq1GFdv2jmgHC_!!2217590670593.jpg
,NN-2515,扭捏niunie 复古vintage宽松慵懒感上衣 果实扣100%苎麻衬衫夏季,黄色,M,398,25,https://img.alicdn.com/bao/uploaded/i4/2217590670593/O1CN01Z5hiwq1GFdv2jmgHC_!!2217590670593.jpg
,NN-2515,扭捏niunie 复古vintage宽松慵懒感上衣 果实扣100%苎麻衬衫夏季,黄色,S,398,16,https://img.alicdn.com/bao/uploaded/i4/2217590670593/O1CN01Z5hiwq1GFdv2jmgHC_!!2217590670593.jpg
NTF0311W-1-L,NTF-0311,扭捏 少女的祈祷 花边拼接蛋糕a字小短裙白色半身裙 防走光内衬,白色拼接短裙 （绗缝位置改版）,L,338,13,https://img.alicdn.com/bao/uploaded/i1/2217590670593/O1CN01ZmqRQD1GFdwea86Gu_!!2217590670593.jpg
NTF0311W-1-M,NTF-0311,扭捏 少女的祈祷 花边拼接蛋糕a字小短裙白色半身裙 防走光内衬,白色拼接短裙 （绗缝位置改版）,M,338,17,https://img.alicdn.com/bao/uploaded/i1/2217590670593/O1CN01ZmqRQD1GFdwea86Gu_!!2217590670593.jpg
NTF0311W-1-S,NTF-0311,扭捏 少女的祈祷 花边拼接蛋糕a字小短裙白色半身裙 防走光内衬,白色拼接短裙 （绗缝位置改版）,S,338,13,https://img.alicdn.com/bao/uploaded/i1/2217590670593/O1CN01ZmqRQD1GFdwea86Gu_!!2217590670593.jpg
NTF0307B-L,NTF0307,扭捏niunie 玫瑰小猫可爱印花 弹力花边圆领正肩白色短袖T恤女夏,玫瑰印花白色T恤,L,198,0,https://img.alicdn.com/bao/uploaded/i4/2217590670593/O1CN01Luzo9Q1GFdvJKTxCd_!!2217590670593.jpg
NTF0307B-M,NTF0307,扭捏niunie 玫瑰小猫可爱印花 弹力花边圆领正肩白色短袖T恤女夏,玫瑰印花白色T恤,M,198,6,https://img.alicdn.com/bao/uploaded/i4/2217590670593/O1CN01Luzo9Q1GFdvJKTxCd_!!2217590670593.jpg
NTF0307B-S,NTF0307,扭捏niunie 玫瑰小猫可爱印花 弹力花边圆领正肩白色短袖T恤女夏,玫瑰印花白色T恤,S,198,3,https://img.alicdn.com/bao/uploaded/i4/2217590670593/O1CN01Luzo9Q1GFdvJKTxCd_!!2217590670593.jpg
NTF0307C-L,NTF0307,扭捏niunie 玫瑰小猫可爱印花 弹力花边圆领正肩白色短袖T恤女夏,小猫印花白色T恤,L,198,10,https://img.alicdn.com/bao/uploaded/i3/2217590670593/O1CN01pjwUET1GFdvIbTXoT_!!2217590670593.jpg
NTF0307C-M,NTF0307,扭捏niunie 玫瑰小猫可爱印花 弹力花边圆领正肩白色短袖T恤女夏,小猫印花白色T恤,M,198,3,https://img.alicdn.com/bao/uploaded/i3/2217590670593/O1CN01pjwUET1GFdvIbTXoT_!!2217590670593.jpg
NTF0307C-S,NTF0307,扭捏niunie 玫瑰小猫可爱印花 弹力花边圆领正肩白色短袖T恤女夏,小猫印花白色T恤,S,198,7,https://img.alicdn.com/bao/uploaded/i3/2217590670593/O1CN01pjwUET1GFdvIbTXoT_!!2217590670593.jpg
NTF-0322-L,NTF-0322,扭捏niunie 原创醋酸缎感 法式浪漫气质印花荡领吊带连衣裙短款夏,荡领吊带印花连衣裙,L,588,15,https://img.alicdn.com/bao/uploaded/i1/2217590670593/O1CN01XOHQx81GFdvFKfO81_!!2217590670593.jpg
NTF-0322-M,NTF-0322,扭捏niunie 原创醋酸缎感 法式浪漫气质印花荡领吊带连衣裙短款夏,荡领吊带印花连衣裙,M,588,15,https://img.alicdn.com/bao/uploaded/i1/2217590670593/O1CN01XOHQx81GFdvFKfO81_!!2217590670593.jpg
NTF-0322-S,NTF-0322,扭捏niunie 原创醋酸缎感 法式浪漫气质印花荡领吊带连衣裙短款夏,荡领吊带印花连衣裙,S,588,14,https://img.alicdn.com/bao/uploaded/i1/2217590670593/O1CN01XOHQx81GFdvFKfO81_!!2217590670593.jpg
NN-2505-L,NN-2505,扭捏niunie 彩线格子蓝色纱边 自然日系艺术感宽松棉麻中长半身裙,彩线格子半身裙,L,528,15,https://img.alicdn.com/bao/uploaded/i1/2217590670593/O1CN01SUUgBd1GFdvIJuDc8_!!2217590670593.jpg
NN-2505-M,NN-2505,扭捏niunie 彩线格子蓝色纱边 自然日系艺术感宽松棉麻中长半身裙,彩线格子半身裙,M,528,15,https://img.alicdn.com/bao/uploaded/i1/2217590670593/O1CN01SUUgBd1GFdvIJuDc8_!!2217590670593.jpg
NN-2505-S,NN-2505,扭捏niunie 彩线格子蓝色纱边 自然日系艺术感宽松棉麻中长半身裙,彩线格子半身裙,S,528,15,https://img.alicdn.com/bao/uploaded/i1/2217590670593/O1CN01SUUgBd1GFdvIJuDc8_!!2217590670593.jpg
NN-2508-L,NN-2508,扭捏niunie 复古直筒裤 米黄色花朵刺绣宽松百搭休闲长裤春夏,米黄色刺绣长裤,L,388,0,https://img.alicdn.com/bao/uploaded/i2/2217590670593/O1CN01D6jZtM1GFdvGTOTj9_!!2217590670593.jpg
NN-2508-M,NN-2508,扭捏niunie 复古直筒裤 米黄色花朵刺绣宽松百搭休闲长裤春夏,米黄色刺绣长裤,S,388,15,https://img.alicdn.com/bao/uploaded/i2/2217590670593/O1CN01D6jZtM1GFdvGTOTj9_!!2217590670593.jpg
NN-2508-S,NN-2508,扭捏niunie 复古直筒裤 米黄色花朵刺绣宽松百搭休闲长裤春夏,米黄色刺绣长裤,M,388,14,https://img.alicdn.com/bao/uploaded/i2/2217590670593/O1CN01D6jZtM1GFdvGTOTj9_!!2217590670593.jpg
NN-2502-M,NN-2502,扭捏niunie 复古vintage宽松绑带木耳花边 紫色纯棉格子连衣裙夏,紫色格子连衣裙,M,588,20,https://img.alicdn.com/bao/uploaded/i2/2217590670593/O1CN01vOjUH81GFdvEnZliX_!!2217590670593.jpg
NN-2502-S,NN-2502,扭捏niunie 复古vintage宽松绑带木耳花边 紫色纯棉格子连衣裙夏,紫色格子连衣裙,S,588,20,https://img.alicdn.com/bao/uploaded/i2/2217590670593/O1CN01vOjUH81GFdvEnZliX_!!2217590670593.jpg
NN-2509-L,NN-2509,扭捏niunie 植物系重工刺绣背后绑带复古苎麻短袖衬衫 原创设计,植物刺绣背后绑带衬衫,L,468,17,https://img.alicdn.com/bao/uploaded/i2/2217590670593/O1CN01ddArXZ1GFdvH5SIAc_!!2217590670593.jpg
NN-2509-M,NN-2509,扭捏niunie 植物系重工刺绣背后绑带复古苎麻短袖衬衫 原创设计,植物刺绣背后绑带衬衫,M,468,13,https://img.alicdn.com/bao/uploaded/i2/2217590670593/O1CN01ddArXZ1GFdvH5SIAc_!!2217590670593.jpg
NN-2509-S,NN-2509,扭捏niunie 植物系重工刺绣背后绑带复古苎麻短袖衬衫 原创设计,植物刺绣背后绑带衬衫,S,468,8,https://img.alicdn.com/bao/uploaded/i2/2217590670593/O1CN01ddArXZ1GFdvH5SIAc_!!2217590670593.jpg
NN-0905P-M,NN-0905,扭捏niunie 绿色紫色苎麻天丝 双层含棉内衬 松紧腰短裤夏季新款,紫色苎麻天丝短裤,M,338,12,https://img.alicdn.com/bao/uploaded/i2/2217590670593/O1CN01KMf8nT1GFdvGWLEXg_!!2217590670593.jpg
NN-0905P-S,NN-0905,扭捏niunie 绿色紫色苎麻天丝 双层含棉内衬 松紧腰短裤夏季新款,紫色苎麻天丝短裤,S,338,11,https://img.alicdn.com/bao/uploaded/i2/2217590670593/O1CN01KMf8nT1GFdvGWLEXg_!!2217590670593.jpg
NN-0905G-M,NN-0905,扭捏niunie 绿色紫色苎麻天丝 双层含棉内衬 松紧腰短裤夏季新款,绿色苎麻天丝短裤,M,338,9,https://img.alicdn.com/bao/uploaded/i2/2217590670593/O1CN01Lv8v0A1GFdvGIMw4T_!!2217590670593.jpg
NN-0905G-S,NN-0905,扭捏niunie 绿色紫色苎麻天丝 双层含棉内衬 松紧腰短裤夏季新款,绿色苎麻天丝短裤,S,338,11,https://img.alicdn.com/bao/uploaded/i2/2217590670593/O1CN01Lv8v0A1GFdvGIMw4T_!!2217590670593.jpg
NN-2516-L,NN-2516,扭捏niunie 桑蚕丝真丝棉双层木耳花边领子贝壳扣 轻薄款黑色衬衫,桑蚕丝棉黑色衬衫,L,398,6,https://img.alicdn.com/bao/uploaded/i1/2217590670593/O1CN01zjcnfh1GFdvH903hA_!!2217590670593.jpg
NN-2516-M,NN-2516,扭捏niunie 桑蚕丝真丝棉双层木耳花边领子贝壳扣 轻薄款黑色衬衫,桑蚕丝棉黑色衬衫,M,398,3,https://img.alicdn.com/bao/uploaded/i1/2217590670593/O1CN01zjcnfh1GFdvH903hA_!!2217590670593.jpg
NN-2516-S,NN-2516,扭捏niunie 桑蚕丝真丝棉双层木耳花边领子贝壳扣 轻薄款黑色衬衫,桑蚕丝棉黑色衬衫,S,398,6,https://img.alicdn.com/bao/uploaded/i1/2217590670593/O1CN01zjcnfh1GFdvH903hA_!!2217590670593.jpg
NN2512L,NN-2512,扭捏niunie「只此青绿」印花长款大裙摆设计感宽松慵懒半身裙纱裙,只此青绿印花半裙,L,398,6,https://img.alicdn.com/bao/uploaded/i3/2217590670593/O1CN01kWTIAF1GFduxLilgD_!!2217590670593.jpg
NN2512M,NN-2512,扭捏niunie「只此青绿」印花长款大裙摆设计感宽松慵懒半身裙纱裙,只此青绿印花半裙,M,398,4,https://img.alicdn.com/bao/uploaded/i3/2217590670593/O1CN01kWTIAF1GFduxLilgD_!!2217590670593.jpg
NN2512S,NN-2512,扭捏niunie「只此青绿」印花长款大裙摆设计感宽松慵懒半身裙纱裙,只此青绿印花半裙,S,398,2,https://img.alicdn.com/bao/uploaded/i3/2217590670593/O1CN01kWTIAF1GFduxLilgD_!!2217590670593.jpg
NN2511L,NN-2511,扭捏niunie「掠影」小众设计感风琴褶皱贝壳扣印花衬衫宽松上衣,风琴褶印花衬衫,L,398,4,https://img.alicdn.com/bao/uploaded/i3/2217590670593/O1CN01iwN4oi1GFduwJEaQd_!!2217590670593.jpg
NN2511M,NN-2511,扭捏niunie「掠影」小众设计感风琴褶皱贝壳扣印花衬衫宽松上衣,风琴褶印花衬衫,M,398,4,https://img.alicdn.com/bao/uploaded/i3/2217590670593/O1CN01iwN4oi1GFduwJEaQd_!!2217590670593.jpg
NN2511S,NN-2511,扭捏niunie「掠影」小众设计感风琴褶皱贝壳扣印花衬衫宽松上衣,风琴褶印花衬衫,S,398,3,https://img.alicdn.com/bao/uploaded/i3/2217590670593/O1CN01iwN4oi1GFduwJEaQd_!!2217590670593.jpg
NN2510L,NN-2510,扭捏niunie「海盐柠檬」手缝扣拼接彩色格子半身裙宽松A字裙女,手缝扣格子半身裙,L,568,4,https://img.alicdn.com/bao/uploaded/i3/2217590670593/O1CN01fTxw9U1GFdv3M4DtH_!!2217590670593.jpg
NN2510M,NN-2510,扭捏niunie「海盐柠檬」手缝扣拼接彩色格子半身裙宽松A字裙女,手缝扣格子半身裙,M,568,1,https://img.alicdn.com/bao/uploaded/i3/2217590670593/O1CN01fTxw9U1GFdv3M4DtH_!!2217590670593.jpg
NN2510S,NN-2510,扭捏niunie「海盐柠檬」手缝扣拼接彩色格子半身裙宽松A字裙女,手缝扣格子半身裙,S,568,0,https://img.alicdn.com/bao/uploaded/i3/2217590670593/O1CN01fTxw9U1GFdv3M4DtH_!!2217590670593.jpg
NN251BL,NN-251B,扭捏niunie「夏雪」浅蓝色大摆纱裙灵动百搭半身裙伞裙夏季新款,浅蓝色雪花纱裙,L,498,0,https://img.alicdn.com/bao/uploaded/i3/2217590670593/O1CN01ikfzTQ1GFdupzS8As_!!2217590670593.jpg
NN251BM,NN-251B,扭捏niunie「夏雪」浅蓝色大摆纱裙灵动百搭半身裙伞裙夏季新款,浅蓝色雪花纱裙,M,498,0,https://img.alicdn.com/bao/uploaded/i3/2217590670593/O1CN01ikfzTQ1GFdupzS8As_!!2217590670593.jpg
NN251BS,NN-251B,扭捏niunie「夏雪」浅蓝色大摆纱裙灵动百搭半身裙伞裙夏季新款,浅蓝色雪花纱裙,S,498,0,https://img.alicdn.com/bao/uploaded/i3/2217590670593/O1CN01ikfzTQ1GFdupzS8As_!!2217590670593.jpg
NN2517L,NN-2517,扭捏niunie 小雪花翻领设计感简约气质高级感白色无袖衬衫上衣女,白色雪花无袖衬衫,L,428,4,https://img.alicdn.com/bao/uploaded/i2/2217590670593/O1CN01tiG55f1GFduxTzyep_!!2217590670593.jpg
NN2517M,NN-2517,扭捏niunie 小雪花翻领设计感简约气质高级感白色无袖衬衫上衣女,白色雪花无袖衬衫,M,428,7,https://img.alicdn.com/bao/uploaded/i2/2217590670593/O1CN01tiG55f1GFduxTzyep_!!2217590670593.jpg
NN2517S,NN-2517,扭捏niunie 小雪花翻领设计感简约气质高级感白色无袖衬衫上衣女,白色雪花无袖衬衫,S,428,3,https://img.alicdn.com/bao/uploaded/i2/2217590670593/O1CN01tiG55f1GFduxTzyep_!!2217590670593.jpg
NN2513M,NN-2513,niunie 青苹果印花绿色醋酸褶皱两面穿显瘦松紧腰半身裙小a一步裙,青苹果 醋酸两面穿半裙,M,468,7,https://img.alicdn.com/bao/uploaded/i3/2217590670593/O1CN01DS26yS1GFdv48J8SF_!!2217590670593.jpg
NN2513S,NN-2513,niunie 青苹果印花绿色醋酸褶皱两面穿显瘦松紧腰半身裙小a一步裙,青苹果 醋酸两面穿半裙,S,468,0,https://img.alicdn.com/bao/uploaded/i3/2217590670593/O1CN01DS26yS1GFdv48J8SF_!!2217590670593.jpg
,TNW-1008-1066,扭捏 限量款 羊毛亚麻混纺西装外套 日本进口面料,羊毛亚麻西装外套,L,899,0,https://img.alicdn.com/bao/uploaded/i4/2217590670593/O1CN01Ovfj1T1GFdsPe8L4t_!!2217590670593.jpg
,TNW-1008-1066,扭捏 限量款 羊毛亚麻混纺西装外套 日本进口面料,羊毛亚麻西装外套,M,899,3,https://img.alicdn.com/bao/uploaded/i4/2217590670593/O1CN01Ovfj1T1GFdsPe8L4t_!!2217590670593.jpg
,TNW-1008-1066,扭捏 限量款 羊毛亚麻混纺西装外套 日本进口面料,羊毛亚麻西装外套,S,899,3,https://img.alicdn.com/bao/uploaded/i4/2217590670593/O1CN01Ovfj1T1GFdsPe8L4t_!!2217590670593.jpg
TNW-1066-灰格L,TNW-1066,扭捏 灰色羊毛混纺 复古vintage感棕色格子短裙百褶裙秋冬,灰色毛呢短裙,L,319,3,https://img.alicdn.com/bao/uploaded/i1/2217590670593/O1CN01x0hiMl1GFdsYTf1jo_!!2217590670593.jpg
TNW-1066-棕格L,TNW-1066,扭捏 灰色羊毛混纺 复古vintage感棕色格子短裙百褶裙秋冬,棕色格子短裙,L,319,19,https://img.alicdn.com/bao/uploaded/i4/2217590670593/O1CN01eRpCI51GFdsVenbHc_!!2217590670593.jpg
TNW-1011-灰M,TNW-1011,扭捏 宽松舒适羊毛混纺休闲裤 复古松弛感高腰阔腿长裤 可机洗,深灰色阔腿长裤,M,359,10,https://img.alicdn.com/bao/uploaded/i2/2217590670593/O1CN01iX2YZ01GFdsWmirN3_!!2217590670593.jpg
TNW-1011-灰S,TNW-1011,扭捏 宽松舒适羊毛混纺休闲裤 复古松弛感高腰阔腿长裤 可机洗,深灰色阔腿长裤,S,359,10,https://img.alicdn.com/bao/uploaded/i2/2217590670593/O1CN01iX2YZ01GFdsWmirN3_!!2217590670593.jpg
TNW-1066-灰格M,TNW-1066,扭捏 灰色羊毛混纺 复古vintage感棕色格子短裙百褶裙秋冬,灰色毛呢短裙,M,319,3,https://img.alicdn.com/bao/uploaded/i1/2217590670593/O1CN01x0hiMl1GFdsYTf1jo_!!2217590670593.jpg
TNW-1066-灰格S,TNW-1066,扭捏 灰色羊毛混纺 复古vintage感棕色格子短裙百褶裙秋冬,灰色毛呢短裙,S,319,3,https://img.alicdn.com/bao/uploaded/i1/2217590670593/O1CN01x0hiMl1GFdsYTf1jo_!!2217590670593.jpg
TNW-1066-棕格M,TNW-1066,扭捏 灰色羊毛混纺 复古vintage感棕色格子短裙百褶裙秋冬,棕色格子短裙,M,319,10,https://img.alicdn.com/bao/uploaded/i4/2217590670593/O1CN01eRpCI51GFdsVenbHc_!!2217590670593.jpg
TNW-1066-棕格S,TNW-1066,扭捏 灰色羊毛混纺 复古vintage感棕色格子短裙百褶裙秋冬,棕色格子短裙,S,319,10,https://img.alicdn.com/bao/uploaded/i4/2217590670593/O1CN01eRpCI51GFdsVenbHc_!!2217590670593.jpg
TNW-1015-M,TNW-1038-1015,扭捏 100%全羊毛日系少女复古娃娃领外套半身裙套装 英国陶瓷扣,灰色毛呢半身裙,M,499,6,https://img.alicdn.com/bao/uploaded/i1/2217590670593/O1CN01ClX7Xl1GFdsW9T9YI_!!2217590670593.jpg
TNW-1015-S,TNW-1038-1015,扭捏 100%全羊毛日系少女复古娃娃领外套半身裙套装 英国陶瓷扣,灰色毛呢半身裙,S,499,1,https://img.alicdn.com/bao/uploaded/i1/2217590670593/O1CN01ClX7Xl1GFdsW9T9YI_!!2217590670593.jpg
TNW-1038-M,TNW-1038-1015,扭捏 100%全羊毛日系少女复古娃娃领外套半身裙套装 英国陶瓷扣,娃娃领毛呢外套,M,799,5,https://img.alicdn.com/bao/uploaded/i1/2217590670593/O1CN01J3sSF31GFdsaUwHmD_!!2217590670593.jpg
TNW-1038-S,TNW-1038-1015,扭捏 100%全羊毛日系少女复古娃娃领外套半身裙套装 英国陶瓷扣,娃娃领毛呢外套,S,799,13,https://img.alicdn.com/bao/uploaded/i1/2217590670593/O1CN01J3sSF31GFdsaUwHmD_!!2217590670593.jpg
TNW-0902-M,TNW-0928-0902,扭捏 棕绿色质感显瘦 100%全羊毛呢外套半裙,双层碎花毛呢半裙,M,459,2,https://img.alicdn.com/bao/uploaded/i3/2217590670593/O1CN01TKeckx1GFdscUpHg1_!!2217590670593.jpg
TNW-0902-S,TNW-0928-0902,扭捏 棕绿色质感显瘦 100%全羊毛呢外套半裙,双层碎花毛呢半裙,S,459,2,https://img.alicdn.com/bao/uploaded/i3/2217590670593/O1CN01TKeckx1GFdscUpHg1_!!2217590670593.jpg
TNW-0928-M,TNW-0928-0902,扭捏 棕绿色质感显瘦 100%全羊毛呢外套半裙,修身毛呢外套,M,759,0,https://img.alicdn.com/bao/uploaded/i1/2217590670593/O1CN01jFreBd1GFdsejACNL_!!2217590670593.jpg
TNW-0928-S,TNW-0928-0902,扭捏 棕绿色质感显瘦 100%全羊毛呢外套半裙,修身毛呢外套,S,759,2,https://img.alicdn.com/bao/uploaded/i1/2217590670593/O1CN01jFreBd1GFdsejACNL_!!2217590670593.jpg
TNW-1010-M,TNW-1010,扭捏 全棉提花格子碎花拼接松紧腰半身裙长裙 森系古着感,拼接半身长裙,M,439,4,https://img.alicdn.com/bao/uploaded/i4/2217590670593/O1CN01eVMZOI1GFdsWomFSu_!!2217590670593.jpg
TNW-1010-S,TNW-1010,扭捏 全棉提花格子碎花拼接松紧腰半身裙长裙 森系古着感,拼接半身长裙,S,439,6,https://img.alicdn.com/bao/uploaded/i4/2217590670593/O1CN01eVMZOI1GFdsWomFSu_!!2217590670593.jpg
TNW-1026-灰紫M,TNW-1026,扭捏 豹纹可拆卸领子灯芯绒拼接风衣式中长款外套90白鹅绒服,灰紫色90白鹅绒,M,1599,15,https://img.alicdn.com/bao/uploaded/i1/2217590670593/O1CN01yG94oZ1GFdsW2W2UZ_!!2217590670593.jpg
TNW-1026-灰紫S,TNW-1026,扭捏 豹纹可拆卸领子灯芯绒拼接风衣式中长款外套90白鹅绒服,灰紫色90白鹅绒,S,1599,14,https://img.alicdn.com/bao/uploaded/i1/2217590670593/O1CN01yG94oZ1GFdsW2W2UZ_!!2217590670593.jpg
TNW-1026-栗M,TNW-1026,扭捏 豹纹可拆卸领子灯芯绒拼接风衣式中长款外套90白鹅绒服,栗色90白鹅绒服,M,1599,13,https://img.alicdn.com/bao/uploaded/i4/2217590670593/O1CN012PnAfO1GFdsWUKzqM_!!2217590670593.jpg
TNW-1026-栗S,TNW-1026,扭捏 豹纹可拆卸领子灯芯绒拼接风衣式中长款外套90白鹅绒服,栗色90白鹅绒服,S,1599,16,https://img.alicdn.com/bao/uploaded/i4/2217590670593/O1CN012PnAfO1GFdsWUKzqM_!!2217590670593.jpg
TNW-1065-灰M,TNW-1065,扭捏 秋冬豹纹纯棉亲肤柔软保暖一字领打底衫上衣 长袖T恤 原创,灰色豹纹长袖T恤,M,319,19,https://img.alicdn.com/bao/uploaded/i4/2217590670593/O1CN01wJcGZl1GFdsW6QPHZ_!!2217590670593.jpg
TNW-1065-灰S,TNW-1065,扭捏 秋冬豹纹纯棉亲肤柔软保暖一字领打底衫上衣 长袖T恤 原创,灰色豹纹长袖T恤,S,319,18,https://img.alicdn.com/bao/uploaded/i4/2217590670593/O1CN01wJcGZl1GFdsW6QPHZ_!!2217590670593.jpg
TNW-1065-棕M,TNW-1065,扭捏 秋冬豹纹纯棉亲肤柔软保暖一字领打底衫上衣 长袖T恤 原创,棕色豹纹长袖T恤,M,319,19,https://img.alicdn.com/bao/uploaded/i4/2217590670593/O1CN01eRpCI51GFdsVenbHc_!!2217590670593.jpg
TNW-1065-棕S,TNW-1065,扭捏 秋冬豹纹纯棉亲肤柔软保暖一字领打底衫上衣 长袖T恤 原创,棕色豹纹长袖T恤,S,319,19,https://img.alicdn.com/bao/uploaded/i4/2217590670593/O1CN01eRpCI51GFdsVenbHc_!!2217590670593.jpg
TNW-0702-褐M,TNW-0702,扭捏 乐谱印花长袖T恤 兰精天丝进口美利奴羊毛打底上衣小众设计,茶褐色音符上衣,M,299,19,https://img.alicdn.com/bao/uploaded/i1/2217590670593/O1CN01gQvtbb1GFdsW0DTFJ_!!2217590670593.jpg
TNW-0702-褐S,TNW-0702,扭捏 乐谱印花长袖T恤 兰精天丝进口美利奴羊毛打底上衣小众设计,茶褐色音符上衣,S,299,19,https://img.alicdn.com/bao/uploaded/i1/2217590670593/O1CN01gQvtbb1GFdsW0DTFJ_!!2217590670593.jpg
TNW-0702-绿M,TNW-0702,扭捏 乐谱印花长袖T恤 兰精天丝进口美利奴羊毛打底上衣小众设计,草绿色音符上衣,M,299,12,https://img.alicdn.com/bao/uploaded/i2/2217590670593/O1CN01OgaxZa1GFdspjbGwO_!!2217590670593.jpg
TNW-0702-绿S,TNW-0702,扭捏 乐谱印花长袖T恤 兰精天丝进口美利奴羊毛打底上衣小众设计,草绿色音符上衣,S,299,10,https://img.alicdn.com/bao/uploaded/i2/2217590670593/O1CN01OgaxZa1GFdspjbGwO_!!2217590670593.jpg
TNW-1022-蓝M,TNW-1022,扭捏 原创碎花90白鹅绒服 浅紫色蓝色双面穿 面包羽绒服保暖外套,蓝色碎花90白鹅绒服,M,1699,20,https://img.alicdn.com/bao/uploaded/i2/2217590670593/O1CN01LAVLsC1GFdsXHNbxL_!!2217590670593.jpg
TNW-1022-蓝S,TNW-1022,扭捏 原创碎花90白鹅绒服 浅紫色蓝色双面穿 面包羽绒服保暖外套,蓝色碎花90白鹅绒服,S,1699,9,https://img.alicdn.com/bao/uploaded/i2/2217590670593/O1CN01LAVLsC1GFdsXHNbxL_!!2217590670593.jpg
TNW-1022-紫M,TNW-1022,扭捏 原创碎花90白鹅绒服 浅紫色蓝色双面穿 面包羽绒服保暖外套,紫色碎花90白鹅绒服,M,1699,19,https://img.alicdn.com/bao/uploaded/i4/2217590670593/O1CN01TMbQMR1GFdsWfnQtb_!!2217590670593.jpg
TNW-1022-紫S,TNW-1022,扭捏 原创碎花90白鹅绒服 浅紫色蓝色双面穿 面包羽绒服保暖外套,紫色碎花90白鹅绒服,S,1699,13,https://img.alicdn.com/bao/uploaded/i4/2217590670593/O1CN01TMbQMR1GFdsWfnQtb_!!2217590670593.jpg
TNW-0907-M,TNW-0907,扭捏 NIU NIE 紫色贴布刺绣毛巾布 碎花两面穿加厚外套 原创设计,紫色碎花两面穿卫衣,M,549,19,https://img.alicdn.com/bao/uploaded/i2/2217590670593/O1CN01zQJ1mq1GFdsR9pKki_!!2217590670593.jpg
TNW-0907-S,TNW-0907,扭捏 NIU NIE 紫色贴布刺绣毛巾布 碎花两面穿加厚外套 原创设计,紫色碎花两面穿卫衣,S,549,15,https://img.alicdn.com/bao/uploaded/i2/2217590670593/O1CN01zQJ1mq1GFdsR9pKki_!!2217590670593.jpg
TNW-1011-棕M,TNW-0918-1011,扭捏 「我只想睡觉」原创印花双层圆领毛巾料卫衣睡衣长裤 家居服,棕色毛巾长裤,M,269,18,https://img.alicdn.com/bao/uploaded/i4/2217590670593/O1CN01AAJFUG1GFdsWvNuBg_!!2217590670593.jpg
TNW-1011-棕S,TNW-0918-1011,扭捏 「我只想睡觉」原创印花双层圆领毛巾料卫衣睡衣长裤 家居服,棕色毛巾长裤,S,269,15,https://img.alicdn.com/bao/uploaded/i4/2217590670593/O1CN01AAJFUG1GFdsWvNuBg_!!2217590670593.jpg
TNW-0918-M,TNW-0918-1011,扭捏 「我只想睡觉」原创印花双层圆领毛巾料卫衣睡衣长裤 家居服,双层圆领卫衣,M,299,7,https://img.alicdn.com/bao/uploaded/i1/2217590670593/O1CN01VrgIYe1GFdsR4FvaG_!!2217590670593.jpg
TNW-0918-S,TNW-0918-1011,扭捏 「我只想睡觉」原创印花双层圆领毛巾料卫衣睡衣长裤 家居服,双层圆领卫衣,S,299,11,https://img.alicdn.com/bao/uploaded/i1/2217590670593/O1CN01VrgIYe1GFdsR4FvaG_!!2217590670593.jpg
TNW-0915-M,TNW-0802-0915,扭捏原创 澳洲进口美利奴羊毛 缩绒工艺 撞色拼接衬衫上衣 花苞裙,浅绿色花苞裙,M,499,3,https://img.alicdn.com/bao/uploaded/i2/2217590670593/O1CN01X6xBrX1GFdsR7bNEl_!!2217590670593.jpg
TNW-0915-S,TNW-0802-0915,扭捏原创 澳洲进口美利奴羊毛 缩绒工艺 撞色拼接衬衫上衣 花苞裙,浅绿色花苞裙,S,499,3,https://img.alicdn.com/bao/uploaded/i2/2217590670593/O1CN01X6xBrX1GFdsR7bNEl_!!2217590670593.jpg
TNW-0802-M,TNW-0802-0915,扭捏原创 澳洲进口美利奴羊毛 缩绒工艺 撞色拼接衬衫上衣 花苞裙,撞色拼接衬衫,M,529,3,https://img.alicdn.com/bao/uploaded/i1/2217590670593/O1CN01HCiENH1GFdsOxzxVR_!!2217590670593.jpg
TNW-0802-S,TNW-0802-0915,扭捏原创 澳洲进口美利奴羊毛 缩绒工艺 撞色拼接衬衫上衣 花苞裙,撞色拼接衬衫,S,529,7,https://img.alicdn.com/bao/uploaded/i1/2217590670593/O1CN01HCiENH1GFdsOxzxVR_!!2217590670593.jpg
,NTF-0305,扭捏 真丝棉混纺轻薄法式白衬衫 玫瑰花边荷叶领复古宽松长袖上衣,白色花边衬衫,真丝织物脆弱 请勿机洗以及大力拧干,428,0,https://img.alicdn.com/bao/uploaded/i1/2217590670593/O1CN01KrbK0i1GFdpiapeNw_!!2217590670593.jpg
,NTF-0307A,扭捏 可爱小猫印花蕾丝花边少女感百搭灰色圆领短袖T恤上衣,白色小猫T恤,L,198,8,https://img.alicdn.com/bao/uploaded/i1/2217590670593/O1CN01SGoUtm1GFdqCuUl6x_!!2217590670593.jpg
,NTF-0307A,扭捏 可爱小猫印花蕾丝花边少女感百搭灰色圆领短袖T恤上衣,白色小猫T恤,M,198,5,https://img.alicdn.com/bao/uploaded/i1/2217590670593/O1CN01SGoUtm1GFdqCuUl6x_!!2217590670593.jpg
,NTF-0307A,扭捏 可爱小猫印花蕾丝花边少女感百搭灰色圆领短袖T恤上衣,白色小猫T恤,S,198,5,https://img.alicdn.com/bao/uploaded/i1/2217590670593/O1CN01SGoUtm1GFdqCuUl6x_!!2217590670593.jpg
NTF0351-L,NTF-0511-0351,扭捏 流光缎面感复古棉麻提花背心吊带星星半裙正反拼接两件套装,星星拼接半裙,L,338,0,https://img.alicdn.com/bao/uploaded/i4/2217590670593/O1CN01NVLkKm1GFdqCCXdK9_!!2217590670593.jpg
NTF0511-L,NTF-0511-0351,扭捏 流光缎面感复古棉麻提花背心吊带星星半裙正反拼接两件套装,星星吊带,L,278,5,https://img.alicdn.com/bao/uploaded/i2/2217590670593/O1CN01bqDp0B1GFdqA7ygJp_!!2217590670593.jpg
NTF0351-M,NTF-0511-0351,扭捏 流光缎面感复古棉麻提花背心吊带星星半裙正反拼接两件套装,星星拼接半裙,M,338,17,https://img.alicdn.com/bao/uploaded/i4/2217590670593/O1CN01NVLkKm1GFdqCCXdK9_!!2217590670593.jpg
NTF0351-S,NTF-0511-0351,扭捏 流光缎面感复古棉麻提花背心吊带星星半裙正反拼接两件套装,星星拼接半裙,S,338,12,https://img.alicdn.com/bao/uploaded/i4/2217590670593/O1CN01NVLkKm1GFdqCCXdK9_!!2217590670593.jpg
NTF0511-M,NTF-0511-0351,扭捏 流光缎面感复古棉麻提花背心吊带星星半裙正反拼接两件套装,星星吊带,M,278,17,https://img.alicdn.com/bao/uploaded/i2/2217590670593/O1CN01bqDp0B1GFdqA7ygJp_!!2217590670593.jpg
NTF0511-S,NTF-0511-0351,扭捏 流光缎面感复古棉麻提花背心吊带星星半裙正反拼接两件套装,星星吊带,S,278,7,https://img.alicdn.com/bao/uploaded/i2/2217590670593/O1CN01bqDp0B1GFdqA7ygJp_!!2217590670593.jpg
NTF0303-L,NTF-0303,扭捏 草裙舞女孩 / 小众设计夏威夷感度假风松紧腰沙滩印花半身裙,夏威夷沙滩裙,L,298,0,https://img.alicdn.com/bao/uploaded/i1/2217590670593/O1CN01le57m01GFdpiT0H0Y_!!2217590670593.jpg
,787851413611,万能链接,,,10,0,https://img.alicdn.com/bao/uploaded/i4/2217590670593/O1CN016fOdoC1GFdomtkiPS_!!2217590670593.jpg
NTF0501A-L,NTF-0501A,扭捏 拼接玫瑰法式蕾丝裙蝴蝶结绑带松紧腰 白色一片式a字半身裙,白色刺绣一片式半裙,L,368,0,https://img.alicdn.com/bao/uploaded/i2/2217590670593/O1CN01TqSozO1GFdpkJcGB8_!!2217590670593.jpg
NTF0310-L,NTF-0310,扭捏 原创设计立体植绒提花兔子吃蘑菇拼接半身裙 宽松显瘦百褶裙,兔子蘑菇拼接裙,L,398,0,https://img.alicdn.com/bao/uploaded/i4/2217590670593/O1CN01cBHR1y1GFdpiMitRJ_!!2217590670593.jpg
NTF0310-M,NTF-0310,扭捏 原创设计立体植绒提花兔子吃蘑菇拼接半身裙 宽松显瘦百褶裙,兔子蘑菇拼接裙,M,398,10,https://img.alicdn.com/bao/uploaded/i4/2217590670593/O1CN01cBHR1y1GFdpiMitRJ_!!2217590670593.jpg
NTF0310-S,NTF-0310,扭捏 原创设计立体植绒提花兔子吃蘑菇拼接半身裙 宽松显瘦百褶裙,兔子蘑菇拼接裙,S,398,1,https://img.alicdn.com/bao/uploaded/i4/2217590670593/O1CN01cBHR1y1GFdpiMitRJ_!!2217590670593.jpg
NTF0317W-L,NTF-0317,扭捏 原创设计刺绣芭蕾风蓬蓬感宽松休闲裤 甜美白色褶皱花苞短裤,刺绣花苞短裤,L,268,0,https://img.alicdn.com/bao/uploaded/i3/2217590670593/O1CN01dmT3Ke1GFdpjQwVcR_!!2217590670593.jpg
NTF0317W-M,NTF-0317,扭捏 原创设计刺绣芭蕾风蓬蓬感宽松休闲裤 甜美白色褶皱花苞短裤,刺绣花苞短裤,M,268,8,https://img.alicdn.com/bao/uploaded/i3/2217590670593/O1CN01dmT3Ke1GFdpjQwVcR_!!2217590670593.jpg
NTF0317W-S,NTF-0317,扭捏 原创设计刺绣芭蕾风蓬蓬感宽松休闲裤 甜美白色褶皱花苞短裤,刺绣花苞短裤,S,268,14,https://img.alicdn.com/bao/uploaded/i3/2217590670593/O1CN01dmT3Ke1GFdpjQwVcR_!!2217590670593.jpg
NTF0501A-M,NTF-0501A,扭捏 拼接玫瑰法式蕾丝裙蝴蝶结绑带松紧腰 白色一片式a字半身裙,白色刺绣一片式半裙,M,368,15,https://img.alicdn.com/bao/uploaded/i2/2217590670593/O1CN01TqSozO1GFdpkJcGB8_!!2217590670593.jpg
NTF0501A-S,NTF-0501A,扭捏 拼接玫瑰法式蕾丝裙蝴蝶结绑带松紧腰 白色一片式a字半身裙,白色刺绣一片式半裙,S,368,14,https://img.alicdn.com/bao/uploaded/i2/2217590670593/O1CN01TqSozO1GFdpkJcGB8_!!2217590670593.jpg
NTF0335-L,NTF-0335,扭捏 印花刺绣白色蕾丝多层花边半身裙可拆卸背带裙夏季 原创设计,背带 半身裙,L,518,0,https://img.alicdn.com/bao/uploaded/i4/2217590670593/O1CN01zGDxqH1GFdpiW0m7P_!!2217590670593.jpg
NTF0335-M,NTF-0335,扭捏 印花刺绣白色蕾丝多层花边半身裙可拆卸背带裙夏季 原创设计,背带 半身裙,M,518,0,https://img.alicdn.com/bao/uploaded/i4/2217590670593/O1CN01zGDxqH1GFdpiW0m7P_!!2217590670593.jpg
NTF0335-S,NTF-0335,扭捏 印花刺绣白色蕾丝多层花边半身裙可拆卸背带裙夏季 原创设计,背带 半身裙,S,518,0,https://img.alicdn.com/bao/uploaded/i4/2217590670593/O1CN01zGDxqH1GFdpiW0m7P_!!2217590670593.jpg
NTF0303-M,NTF-0303,扭捏 草裙舞女孩 / 小众设计夏威夷感度假风松紧腰沙滩印花半身裙,夏威夷沙滩裙,M,298,5,https://img.alicdn.com/bao/uploaded/i1/2217590670593/O1CN01le57m01GFdpiT0H0Y_!!2217590670593.jpg
NTF0303-S,NTF-0303,扭捏 草裙舞女孩 / 小众设计夏威夷感度假风松紧腰沙滩印花半身裙,夏威夷沙滩裙,S,298,4,https://img.alicdn.com/bao/uploaded/i1/2217590670593/O1CN01le57m01GFdpiT0H0Y_!!2217590670593.jpg
NTF0315-L,NTF-0315,扭捏 荆棘玫瑰书本刺绣小翻领花边绑带衬衫 白色短袖上衣女夏季,刺绣绑带小衫,L,328,2,https://img.alicdn.com/bao/uploaded/i4/2217590670593/O1CN01bkF0Ap1GFdpf1hF5R_!!2217590670593.jpg
NTF0315-M,NTF-0315,扭捏 荆棘玫瑰书本刺绣小翻领花边绑带衬衫 白色短袖上衣女夏季,刺绣绑带小衫,M,328,2,https://img.alicdn.com/bao/uploaded/i4/2217590670593/O1CN01bkF0Ap1GFdpf1hF5R_!!2217590670593.jpg
NTF0315-S,NTF-0315,扭捏 荆棘玫瑰书本刺绣小翻领花边绑带衬衫 白色短袖上衣女夏季,刺绣绑带小衫,S,328,2,https://img.alicdn.com/bao/uploaded/i4/2217590670593/O1CN01bkF0Ap1GFdpf1hF5R_!!2217590670593.jpg
NTF0301C-M,NTF-0301,扭捏 青苹果印花修身显瘦圆领长袖T恤女夏 弹力网纱打底衫上衣,半高领青苹果网纱上衣,M,168,6,https://img.alicdn.com/bao/uploaded/i1/2217590670593/O1CN01YZUxU91GFdpiQ2eyD_!!2217590670593.jpg
NTF0301C-S,NTF-0301,扭捏 青苹果印花修身显瘦圆领长袖T恤女夏 弹力网纱打底衫上衣,半高领青苹果网纱上衣,S,168,8,https://img.alicdn.com/bao/uploaded/i1/2217590670593/O1CN01YZUxU91GFdpiQ2eyD_!!2217590670593.jpg
NTF0301B-M,NTF-0301,扭捏 青苹果印花修身显瘦圆领长袖T恤女夏 弹力网纱打底衫上衣,圆领青苹果网纱上衣,M,168,0,https://img.alicdn.com/bao/uploaded/i1/2217590670593/O1CN01YZUxU91GFdpiQ2eyD_!!2217590670593.jpg
NTF0301B-S,NTF-0301,扭捏 青苹果印花修身显瘦圆领长袖T恤女夏 弹力网纱打底衫上衣,圆领青苹果网纱上衣,S,168,0,https://img.alicdn.com/bao/uploaded/i1/2217590670593/O1CN01YZUxU91GFdpiQ2eyD_!!2217590670593.jpg
NTF0506W-M,NTF-0506,扭捏 NIU NIE 花的心跳 原创小众设计刺绣绑带宽松法式白色衬衫,白色刺绣衬衫,M,328,0,https://img.alicdn.com/bao/uploaded/i1/2217590670593/O1CN01D1mnFi1GFdpWvRMRV_!!2217590670593.jpg
NTF0506W-S,NTF-0506,扭捏 NIU NIE 花的心跳 原创小众设计刺绣绑带宽松法式白色衬衫,白色刺绣衬衫,S,328,0,https://img.alicdn.com/bao/uploaded/i1/2217590670593/O1CN01D1mnFi1GFdpWvRMRV_!!2217590670593.jpg
NTF0311W-L,NTF-0311,扭捏 少女的祈祷 花边拼接蛋糕a字小短裙白色半身裙 防走光内衬,白色拼接短裙,L,358,0,https://img.alicdn.com/bao/uploaded/i3/2217590670593/O1CN01q90Rk01GFdpW2UYab_!!2217590670593.jpg
NTF0311W-M,NTF-0311,扭捏 少女的祈祷 花边拼接蛋糕a字小短裙白色半身裙 防走光内衬,白色拼接短裙,M,358,0,https://img.alicdn.com/bao/uploaded/i3/2217590670593/O1CN01q90Rk01GFdpW2UYab_!!2217590670593.jpg
NTF0311W-S,NTF-0311,扭捏 少女的祈祷 花边拼接蛋糕a字小短裙白色半身裙 防走光内衬,白色拼接短裙,S,358,0,https://img.alicdn.com/bao/uploaded/i3/2217590670593/O1CN01q90Rk01GFdpW2UYab_!!2217590670593.jpg
NTF0515B-L,NTF-0515,扭捏 浅蓝色小兔子蘑菇刺绣基础百搭短袖上衣宽松弹力针织T恤女夏,浅蓝色刺绣T恤,L,198,3,https://img.alicdn.com/bao/uploaded/i3/2217590670593/O1CN01aFs6Tx1GFdpiaCW2R_!!2217590670593.jpg
NTF0515B-M,NTF-0515,扭捏 浅蓝色小兔子蘑菇刺绣基础百搭短袖上衣宽松弹力针织T恤女夏,浅蓝色刺绣T恤,M,198,13,https://img.alicdn.com/bao/uploaded/i3/2217590670593/O1CN01aFs6Tx1GFdpiaCW2R_!!2217590670593.jpg
NTF0515B-S,NTF-0515,扭捏 浅蓝色小兔子蘑菇刺绣基础百搭短袖上衣宽松弹力针织T恤女夏,浅蓝色刺绣T恤,S,198,14,https://img.alicdn.com/bao/uploaded/i3/2217590670593/O1CN01aFs6Tx1GFdpiaCW2R_!!2217590670593.jpg
NTF0307A-L,NTF-0307A,扭捏 可爱小猫印花蕾丝花边少女感百搭灰色圆领短袖T恤上衣,灰色小猫T恤,L,198,3,https://img.alicdn.com/bao/uploaded/i2/2217590670593/O1CN01fgwFKi1GFdqCIiAPK_!!2217590670593.jpg
NTF0307A-M,NTF-0307A,扭捏 可爱小猫印花蕾丝花边少女感百搭灰色圆领短袖T恤上衣,灰色小猫T恤,M,198,16,https://img.alicdn.com/bao/uploaded/i2/2217590670593/O1CN01fgwFKi1GFdqCIiAPK_!!2217590670593.jpg
NTF0307A-S,NTF-0307A,扭捏 可爱小猫印花蕾丝花边少女感百搭灰色圆领短袖T恤上衣,灰色小猫T恤,S,198,11,https://img.alicdn.com/bao/uploaded/i2/2217590670593/O1CN01fgwFKi1GFdqCIiAPK_!!2217590670593.jpg
NTF0512WB-M,NTF-0512,扭捏 法式设计感度假风仙女裙收腰显瘦粉蓝色碎花连衣裙女夏季,粉蓝色碎花裙,M,488,3,https://img.alicdn.com/bao/uploaded/i2/2217590670593/O1CN01JxKyk01GFdpW9Y4QY_!!2217590670593.jpg
NTF0512WB-S,NTF-0512,扭捏 法式设计感度假风仙女裙收腰显瘦粉蓝色碎花连衣裙女夏季,粉蓝色碎花裙,S,488,8,https://img.alicdn.com/bao/uploaded/i2/2217590670593/O1CN01JxKyk01GFdpW9Y4QY_!!2217590670593.jpg
NTF0305W-L,NTF-0305,扭捏 真丝棉混纺轻薄法式白衬衫 玫瑰花边荷叶领复古宽松长袖上衣,白色花边衬衫,L,428,0,https://img.alicdn.com/bao/uploaded/i1/2217590670593/O1CN01KrbK0i1GFdpiapeNw_!!2217590670593.jpg
NTF0305W-M,NTF-0305,扭捏 真丝棉混纺轻薄法式白衬衫 玫瑰花边荷叶领复古宽松长袖上衣,白色花边衬衫,M,428,0,https://img.alicdn.com/bao/uploaded/i1/2217590670593/O1CN01KrbK0i1GFdpiapeNw_!!2217590670593.jpg
NTF0305W-S,NTF-0305,扭捏 真丝棉混纺轻薄法式白衬衫 玫瑰花边荷叶领复古宽松长袖上衣,白色花边衬衫,S,428,0,https://img.alicdn.com/bao/uploaded/i1/2217590670593/O1CN01KrbK0i1GFdpiapeNw_!!2217590670593.jpg
NTF0335A-L,NTF-0335,扭捏 印花刺绣白色蕾丝多层花边半身裙可拆卸背带裙夏季 原创设计,可拆卸背带,L,128,6,https://img.alicdn.com/bao/uploaded/i4/2217590670593/O1CN01zGDxqH1GFdpiW0m7P_!!2217590670593.jpg
NTF0335A-M,NTF-0335,扭捏 印花刺绣白色蕾丝多层花边半身裙可拆卸背带裙夏季 原创设计,可拆卸背带,M,128,2,https://img.alicdn.com/bao/uploaded/i4/2217590670593/O1CN01zGDxqH1GFdpiW0m7P_!!2217590670593.jpg
NTF0335A-S,NTF-0335,扭捏 印花刺绣白色蕾丝多层花边半身裙可拆卸背带裙夏季 原创设计,可拆卸背带,S,128,10,https://img.alicdn.com/bao/uploaded/i4/2217590670593/O1CN01zGDxqH1GFdpiW0m7P_!!2217590670593.jpg
NTF0335B-L,NTF-0335,扭捏 印花刺绣白色蕾丝多层花边半身裙可拆卸背带裙夏季 原创设计,多层花边半身裙,L,398,13,https://img.alicdn.com/bao/uploaded/i4/2217590670593/O1CN01zGDxqH1GFdpiW0m7P_!!2217590670593.jpg
NTF0335B-M,NTF-0335,扭捏 印花刺绣白色蕾丝多层花边半身裙可拆卸背带裙夏季 原创设计,多层花边半身裙,M,398,8,https://img.alicdn.com/bao/uploaded/i4/2217590670593/O1CN01zGDxqH1GFdpiW0m7P_!!2217590670593.jpg
NTF0335B-S,NTF-0335,扭捏 印花刺绣白色蕾丝多层花边半身裙可拆卸背带裙夏季 原创设计,多层花边半身裙,S,398,7,https://img.alicdn.com/bao/uploaded/i4/2217590670593/O1CN01zGDxqH1GFdpiW0m7P_!!2217590670593.jpg
NTF0338B-G-M,NTF-0338,扭捏 绿色植物染艺术感提花褶皱吊带背心半身长裙套装女夏季,植物染绿色系半身裙,M,458,5,https://img.alicdn.com/bao/uploaded/i2/2217590670593/O1CN015sQMKG1GFdphNWeJz_!!2217590670593.jpg
NTF0338B-G-S,NTF-0338,扭捏 绿色植物染艺术感提花褶皱吊带背心半身长裙套装女夏季,植物染绿色系半身裙,S,458,0,https://img.alicdn.com/bao/uploaded/i2/2217590670593/O1CN015sQMKG1GFdphNWeJz_!!2217590670593.jpg
NTF0338A-G-M,NTF-0338,扭捏 绿色植物染艺术感提花褶皱吊带背心半身长裙套装女夏季,植物染绿色系背心,M,298,7,https://img.alicdn.com/bao/uploaded/i2/2217590670593/O1CN015sQMKG1GFdphNWeJz_!!2217590670593.jpg
NTF0338A-G-S,NTF-0338,扭捏 绿色植物染艺术感提花褶皱吊带背心半身长裙套装女夏季,植物染绿色系背心,S,298,1,https://img.alicdn.com/bao/uploaded/i2/2217590670593/O1CN015sQMKG1GFdphNWeJz_!!2217590670593.jpg
NTF0503L-M,NTF-0503,扭捏 慵懒度假风葡萄印花文艺复古宽松绿色拼接棉麻背带裙背心裙,葡萄拼接背带裙,M,398,6,https://img.alicdn.com/bao/uploaded/i1/2217590670593/O1CN01odaeDC1GFdpZQVrxf_!!2217590670593.jpg
NTF0503L-S,NTF-0503,扭捏 慵懒度假风葡萄印花文艺复古宽松绿色拼接棉麻背带裙背心裙,葡萄拼接背带裙,S,398,10,https://img.alicdn.com/bao/uploaded/i1/2217590670593/O1CN01odaeDC1GFdpZQVrxf_!!2217590670593.jpg
NTF0307B-L,NTF-0307B,扭捏  原创设计蕾丝花边法式复古白色玫瑰印花圆领T恤短袖上衣夏,白色玫瑰T恤,L,198,1,https://img.alicdn.com/bao/uploaded/i1/2217590670593/O1CN01Wln9D01GFdpkOeMro_!!2217590670593.jpg
NTF0307B-M,NTF-0307B,扭捏  原创设计蕾丝花边法式复古白色玫瑰印花圆领T恤短袖上衣夏,白色玫瑰T恤,M,198,5,https://img.alicdn.com/bao/uploaded/i1/2217590670593/O1CN01Wln9D01GFdpkOeMro_!!2217590670593.jpg
NTF0307B-S,NTF-0307B,扭捏  原创设计蕾丝花边法式复古白色玫瑰印花圆领T恤短袖上衣夏,白色玫瑰T恤,S,198,3,https://img.alicdn.com/bao/uploaded/i1/2217590670593/O1CN01Wln9D01GFdpkOeMro_!!2217590670593.jpg
NTF0501B-L,NTF-0501B,扭捏 仿醋酸蓝色一片式绑带蝴蝶结半身裙 拼接玫瑰蕾丝裙,蓝色一片式半裙,L,368,7,https://img.alicdn.com/bao/uploaded/i1/2217590670593/O1CN01ajY5uO1GFdpep88cl_!!2217590670593.jpg
NTF0501B-M,NTF-0501B,扭捏 仿醋酸蓝色一片式绑带蝴蝶结半身裙 拼接玫瑰蕾丝裙,蓝色一片式半裙,M,368,15,https://img.alicdn.com/bao/uploaded/i1/2217590670593/O1CN01ajY5uO1GFdpep88cl_!!2217590670593.jpg
NTF0501B-S,NTF-0501B,扭捏 仿醋酸蓝色一片式绑带蝴蝶结半身裙 拼接玫瑰蕾丝裙,蓝色一片式半裙,S,368,11,https://img.alicdn.com/bao/uploaded/i1/2217590670593/O1CN01ajY5uO1GFdpep88cl_!!2217590670593.jpg
NTF0509AG-L,NTF-0509,扭捏 绿色高密纸感棉 简约基础百搭白色拼接蕾丝背心吊带外穿上衣,绿色纸感吊带【微弹】,L,258,4,https://img.alicdn.com/bao/uploaded/i1/2217590670593/O1CN011L7dBF1GFdpiDXty9_!!2217590670593.jpg
NTF0509AG-M,NTF-0509,扭捏 绿色高密纸感棉 简约基础百搭白色拼接蕾丝背心吊带外穿上衣,绿色纸感吊带【微弹】,M,258,0,https://img.alicdn.com/bao/uploaded/i1/2217590670593/O1CN011L7dBF1GFdpiDXty9_!!2217590670593.jpg
NTF0509AG-S,NTF-0509,扭捏 绿色高密纸感棉 简约基础百搭白色拼接蕾丝背心吊带外穿上衣,绿色纸感吊带【微弹】,S,258,2,https://img.alicdn.com/bao/uploaded/i1/2217590670593/O1CN011L7dBF1GFdpiDXty9_!!2217590670593.jpg
NTF0509BW-L,NTF-0509,扭捏 绿色高密纸感棉 简约基础百搭白色拼接蕾丝背心吊带外穿上衣,白色拼接蕾丝吊带【无弹】,L,258,4,https://img.alicdn.com/bao/uploaded/i1/2217590670593/O1CN011L7dBF1GFdpiDXty9_!!2217590670593.jpg
NTF0509BW-M,NTF-0509,扭捏 绿色高密纸感棉 简约基础百搭白色拼接蕾丝背心吊带外穿上衣,白色拼接蕾丝吊带【无弹】,M,258,0,https://img.alicdn.com/bao/uploaded/i1/2217590670593/O1CN011L7dBF1GFdpiDXty9_!!2217590670593.jpg
NTF0509BW-S,NTF-0509,扭捏 绿色高密纸感棉 简约基础百搭白色拼接蕾丝背心吊带外穿上衣,白色拼接蕾丝吊带【无弹】,S,258,0,https://img.alicdn.com/bao/uploaded/i1/2217590670593/O1CN011L7dBF1GFdpiDXty9_!!2217590670593.jpg
